id,kangxiIndex,radical,pinyin,nameVi,meaningVi,strokeCount,variants,groupKey,source,sourceUrl,verificationStatus
radical_001,1,一,yī,Nhất,số một,1,,1_net,CGE 214 bộ thủ tiếng Trung,https://cge.edu.vn/chu-han/214-bo-thu-tieng-trung.html,reference_checked
radical_002,2,丨,gǔn,Cổn,nét sổ,1,,1_net,CGE 214 bộ thủ tiếng Trung,https://cge.edu.vn/chu-han/214-bo-thu-tieng-trung.html,reference_checked
radical_003,3,丶,zhǔ,Chủ,"nét chấm, điểm",1,,1_net,CGE 214 bộ thủ tiếng Trung,https://cge.edu.vn/chu-han/214-bo-thu-tieng-trung.html,reference_checked
radical_004,4,丿,piě,Phiệt,"nét phẩy, nét xiên trái",1,,1_net,CGE 214 bộ thủ tiếng Trung,https://cge.edu.vn/chu-han/214-bo-thu-tieng-trung.html,reference_checked
radical_005,5,乙,yǐ,Ất,can thứ hai; nét cong,1,,1_net,CGE 214 bộ thủ tiếng Trung,https://cge.edu.vn/chu-han/214-bo-thu-tieng-trung.html,reference_checked
radical_006,6,亅,jué,Quyết,nét sổ có móc,1,,1_net,CGE 214 bộ thủ tiếng Trung,https://cge.edu.vn/chu-han/214-bo-thu-tieng-trung.html,reference_checked
radical_007,7,二,èr,Nhị,số hai,2,,2_net,CGE 214 bộ thủ tiếng Trung,https://cge.edu.vn/chu-han/214-bo-thu-tieng-trung.html,reference_checked
radical_008,8,亠,tóu,Đầu,"phần đầu, phần trên",2,,2_net,CGE 214 bộ thủ tiếng Trung,https://cge.edu.vn/chu-han/214-bo-thu-tieng-trung.html,reference_checked
radical_009,9,人,rén,Nhân,người,2,亻,2_net,CGE 214 bộ thủ tiếng Trung,https://cge.edu.vn/chu-han/214-bo-thu-tieng-trung.html,reference_checked
radical_010,10,儿,ér,Nhi,trẻ con; người,2,,2_net,CGE 214 bộ thủ tiếng Trung,https://cge.edu.vn/chu-han/214-bo-thu-tieng-trung.html,reference_checked
radical_011,11,入,rù,Nhập,vào,2,,2_net,CGE 214 bộ thủ tiếng Trung,https://cge.edu.vn/chu-han/214-bo-thu-tieng-trung.html,reference_checked
radical_012,12,八,bā,Bát,tám; chia ra,2,,2_net,CGE 214 bộ thủ tiếng Trung,https://cge.edu.vn/chu-han/214-bo-thu-tieng-trung.html,reference_checked
radical_013,13,冂,jiōng,Quynh,"vùng đất trống, biên giới xa",2,,2_net,CGE 214 bộ thủ tiếng Trung,https://cge.edu.vn/chu-han/214-bo-thu-tieng-trung.html,reference_checked
radical_014,14,冖,mì,Mịch,"che phủ, trùm lên",2,,2_net,CGE 214 bộ thủ tiếng Trung,https://cge.edu.vn/chu-han/214-bo-thu-tieng-trung.html,reference_checked
radical_015,15,冫,bīng,Băng,"băng, nước đá",2,,2_net,CGE 214 bộ thủ tiếng Trung,https://cge.edu.vn/chu-han/214-bo-thu-tieng-trung.html,reference_checked
radical_016,16,几,jī,Kỷ,ghế nhỏ; bàn,2,,2_net,CGE 214 bộ thủ tiếng Trung,https://cge.edu.vn/chu-han/214-bo-thu-tieng-trung.html,reference_checked
radical_017,17,凵,kǎn,Khảm,chỗ lõm; há miệng,2,,2_net,CGE 214 bộ thủ tiếng Trung,https://cge.edu.vn/chu-han/214-bo-thu-tieng-trung.html,reference_checked
radical_018,18,刀,dāo,Đao,"dao, đao",2,刂,2_net,CGE 214 bộ thủ tiếng Trung,https://cge.edu.vn/chu-han/214-bo-thu-tieng-trung.html,reference_checked
radical_019,19,力,lì,Lực,sức mạnh,2,,2_net,CGE 214 bộ thủ tiếng Trung,https://cge.edu.vn/chu-han/214-bo-thu-tieng-trung.html,reference_checked
radical_020,20,勹,bāo,Bao,bao bọc,2,,2_net,CGE 214 bộ thủ tiếng Trung,https://cge.edu.vn/chu-han/214-bo-thu-tieng-trung.html,reference_checked
radical_021,21,匕,bǐ,Chủy,cái thìa,2,,2_net,CGE 214 bộ thủ tiếng Trung,https://cge.edu.vn/chu-han/214-bo-thu-tieng-trung.html,reference_checked
radical_022,22,匚,fāng,Phương,tủ/hộp vuông,2,,2_net,CGE 214 bộ thủ tiếng Trung,https://cge.edu.vn/chu-han/214-bo-thu-tieng-trung.html,reference_checked
radical_023,23,匸,xǐ,Hệ,"che đậy, giấu",2,,2_net,CGE 214 bộ thủ tiếng Trung,https://cge.edu.vn/chu-han/214-bo-thu-tieng-trung.html,reference_checked
radical_024,24,十,shí,Thập,số mười,2,,2_net,CGE 214 bộ thủ tiếng Trung,https://cge.edu.vn/chu-han/214-bo-thu-tieng-trung.html,reference_checked
radical_025,25,卜,bǔ,Bốc,xem bói,2,,2_net,CGE 214 bộ thủ tiếng Trung,https://cge.edu.vn/chu-han/214-bo-thu-tieng-trung.html,reference_checked
radical_026,26,卩,jié,Tiết,đốt tre; dấu tiết,2,,2_net,CGE 214 bộ thủ tiếng Trung,https://cge.edu.vn/chu-han/214-bo-thu-tieng-trung.html,reference_checked
radical_027,27,厂,hǎn,Hán,"sườn núi, vách đá",2,,2_net,CGE 214 bộ thủ tiếng Trung,https://cge.edu.vn/chu-han/214-bo-thu-tieng-trung.html,reference_checked
radical_028,28,厶,sī,Tư,riêng tư,2,,2_net,CGE 214 bộ thủ tiếng Trung,https://cge.edu.vn/chu-han/214-bo-thu-tieng-trung.html,reference_checked
radical_029,29,又,yòu,Hựu,"lại, một lần nữa",2,,2_net,CGE 214 bộ thủ tiếng Trung,https://cge.edu.vn/chu-han/214-bo-thu-tieng-trung.html,reference_checked
radical_030,30,口,kǒu,Khẩu,miệng,3,,3_net,CGE 214 bộ thủ tiếng Trung,https://cge.edu.vn/chu-han/214-bo-thu-tieng-trung.html,reference_checked
radical_031,31,囗,wéi,Vi,vây quanh,3,,3_net,CGE 214 bộ thủ tiếng Trung,https://cge.edu.vn/chu-han/214-bo-thu-tieng-trung.html,reference_checked
radical_032,32,土,tǔ,Thổ,đất,3,,3_net,CGE 214 bộ thủ tiếng Trung,https://cge.edu.vn/chu-han/214-bo-thu-tieng-trung.html,reference_checked
radical_033,33,士,shì,Sĩ,kẻ sĩ,3,,3_net,CGE 214 bộ thủ tiếng Trung,https://cge.edu.vn/chu-han/214-bo-thu-tieng-trung.html,reference_checked
radical_034,34,夂,zhǐ,Tuy,đi đến sau; chân đi từ phía sau,3,,3_net,CGE 214 bộ thủ tiếng Trung,https://cge.edu.vn/chu-han/214-bo-thu-tieng-trung.html,reference_checked
radical_035,35,夊,suī,Truy,đi chậm,3,,3_net,CGE 214 bộ thủ tiếng Trung,https://cge.edu.vn/chu-han/214-bo-thu-tieng-trung.html,reference_checked
radical_036,36,夕,xī,Tịch,"đêm, buổi tối",3,,3_net,CGE 214 bộ thủ tiếng Trung,https://cge.edu.vn/chu-han/214-bo-thu-tieng-trung.html,reference_checked
radical_037,37,大,dà,Đại,"to, lớn",3,,3_net,CGE 214 bộ thủ tiếng Trung,https://cge.edu.vn/chu-han/214-bo-thu-tieng-trung.html,reference_checked
radical_038,38,女,nǚ,Nữ,"phụ nữ, con gái",3,,3_net,CGE 214 bộ thủ tiếng Trung,https://cge.edu.vn/chu-han/214-bo-thu-tieng-trung.html,reference_checked
radical_039,39,子,zǐ,Tử,con; con cái,3,,3_net,CGE 214 bộ thủ tiếng Trung,https://cge.edu.vn/chu-han/214-bo-thu-tieng-trung.html,reference_checked
radical_040,40,宀,mián,Miên,mái nhà,3,,3_net,CGE 214 bộ thủ tiếng Trung,https://cge.edu.vn/chu-han/214-bo-thu-tieng-trung.html,reference_checked
radical_041,41,寸,cùn,Thốn,tấc; đơn vị đo,3,,3_net,CGE 214 bộ thủ tiếng Trung,https://cge.edu.vn/chu-han/214-bo-thu-tieng-trung.html,reference_checked
radical_042,42,小,xiǎo,Tiểu,nhỏ,3,,3_net,CGE 214 bộ thủ tiếng Trung,https://cge.edu.vn/chu-han/214-bo-thu-tieng-trung.html,reference_checked
radical_043,43,尢,yóu,Uông,"yếu, què",3,,3_net,CGE 214 bộ thủ tiếng Trung,https://cge.edu.vn/chu-han/214-bo-thu-tieng-trung.html,reference_checked
radical_044,44,尸,shī,Thi,xác chết; thân người,3,,3_net,CGE 214 bộ thủ tiếng Trung,https://cge.edu.vn/chu-han/214-bo-thu-tieng-trung.html,reference_checked
radical_045,45,屮,chè,Triệt,mầm non,3,,3_net,CGE 214 bộ thủ tiếng Trung,https://cge.edu.vn/chu-han/214-bo-thu-tieng-trung.html,reference_checked
radical_046,46,山,shān,Sơn,núi,3,,3_net,CGE 214 bộ thủ tiếng Trung,https://cge.edu.vn/chu-han/214-bo-thu-tieng-trung.html,reference_checked
radical_047,47,巛,chuān,Xuyên,sông,3,川,3_net,CGE 214 bộ thủ tiếng Trung,https://cge.edu.vn/chu-han/214-bo-thu-tieng-trung.html,reference_checked
radical_048,48,工,gōng,Công,công việc; người thợ,3,,3_net,CGE 214 bộ thủ tiếng Trung,https://cge.edu.vn/chu-han/214-bo-thu-tieng-trung.html,reference_checked
radical_049,49,己,jǐ,Kỷ,bản thân,3,,3_net,CGE 214 bộ thủ tiếng Trung,https://cge.edu.vn/chu-han/214-bo-thu-tieng-trung.html,reference_checked
radical_050,50,巾,jīn,Cân,khăn,3,,3_net,CGE 214 bộ thủ tiếng Trung,https://cge.edu.vn/chu-han/214-bo-thu-tieng-trung.html,reference_checked
radical_051,51,干,gān,Can,can; can dự,3,,3_net,CGE 214 bộ thủ tiếng Trung,https://cge.edu.vn/chu-han/214-bo-thu-tieng-trung.html,reference_checked
radical_052,52,幺,yāo,Yêu,nhỏ bé,3,,3_net,CGE 214 bộ thủ tiếng Trung,https://cge.edu.vn/chu-han/214-bo-thu-tieng-trung.html,reference_checked
radical_053,53,广,guǎng,Nghiễm,"mái nhà, nhà có mái",3,,3_net,CGE 214 bộ thủ tiếng Trung,https://cge.edu.vn/chu-han/214-bo-thu-tieng-trung.html,reference_checked
radical_054,54,廴,yǐn,Dẫn,bước dài,3,,3_net,CGE 214 bộ thủ tiếng Trung,https://cge.edu.vn/chu-han/214-bo-thu-tieng-trung.html,reference_checked
radical_055,55,廾,gǒng,Củng,chắp hai tay,3,,3_net,CGE 214 bộ thủ tiếng Trung,https://cge.edu.vn/chu-han/214-bo-thu-tieng-trung.html,reference_checked
radical_056,56,弋,yì,Dặc,bắn; chiếm lấy,3,,3_net,CGE 214 bộ thủ tiếng Trung,https://cge.edu.vn/chu-han/214-bo-thu-tieng-trung.html,reference_checked
radical_057,57,弓,gōng,Cung,cung tên,3,,3_net,CGE 214 bộ thủ tiếng Trung,https://cge.edu.vn/chu-han/214-bo-thu-tieng-trung.html,reference_checked
radical_058,58,彐,jì,Kệ,đầu con nhím; mõm,3,彑,3_net,CGE 214 bộ thủ tiếng Trung,https://cge.edu.vn/chu-han/214-bo-thu-tieng-trung.html,reference_checked
radical_059,59,彡,shān,Sam,lông tóc dài; vằn,3,,3_net,CGE 214 bộ thủ tiếng Trung,https://cge.edu.vn/chu-han/214-bo-thu-tieng-trung.html,reference_checked
radical_060,60,彳,chì,Xích,bước chân trái,3,,3_net,CGE 214 bộ thủ tiếng Trung,https://cge.edu.vn/chu-han/214-bo-thu-tieng-trung.html,reference_checked
radical_061,61,心,xīn,Tâm,"tim, lòng, tâm trí",4,忄,4_net,CGE 214 bộ thủ tiếng Trung,https://cge.edu.vn/chu-han/214-bo-thu-tieng-trung.html,reference_checked
radical_062,62,戈,gē,Qua,vũ khí dài,4,,4_net,CGE 214 bộ thủ tiếng Trung,https://cge.edu.vn/chu-han/214-bo-thu-tieng-trung.html,reference_checked
radical_063,63,户,hù,Hộ,cửa một cánh,4,戶,4_net,CGE 214 bộ thủ tiếng Trung,https://cge.edu.vn/chu-han/214-bo-thu-tieng-trung.html,reference_checked
radical_064,64,手,shǒu,Thủ,tay,4,扌,4_net,CGE 214 bộ thủ tiếng Trung,https://cge.edu.vn/chu-han/214-bo-thu-tieng-trung.html,reference_checked
radical_065,65,支,zhī,Chi,"cành, nhánh",4,,4_net,CGE 214 bộ thủ tiếng Trung,https://cge.edu.vn/chu-han/214-bo-thu-tieng-trung.html,reference_checked
radical_066,66,攴,pū,Phộc,đánh nhẹ,4,攵,4_net,CGE 214 bộ thủ tiếng Trung,https://cge.edu.vn/chu-han/214-bo-thu-tieng-trung.html,reference_checked
radical_067,67,文,wén,Văn,văn; nét vằn,4,,4_net,CGE 214 bộ thủ tiếng Trung,https://cge.edu.vn/chu-han/214-bo-thu-tieng-trung.html,reference_checked
radical_068,68,斗,dǒu,Đẩu,"đấu, dụng cụ đong",4,,4_net,CGE 214 bộ thủ tiếng Trung,https://cge.edu.vn/chu-han/214-bo-thu-tieng-trung.html,reference_checked
radical_069,69,斤,jīn,Cân,"rìu, búa",4,,4_net,CGE 214 bộ thủ tiếng Trung,https://cge.edu.vn/chu-han/214-bo-thu-tieng-trung.html,reference_checked
radical_070,70,方,fāng,Phương,vuông; phương hướng,4,,4_net,CGE 214 bộ thủ tiếng Trung,https://cge.edu.vn/chu-han/214-bo-thu-tieng-trung.html,reference_checked
radical_071,71,无,wú,Vô,không,4,旡,4_net,CGE 214 bộ thủ tiếng Trung,https://cge.edu.vn/chu-han/214-bo-thu-tieng-trung.html,reference_checked
radical_072,72,日,rì,Nhật,mặt trời; ngày,4,,4_net,CGE 214 bộ thủ tiếng Trung,https://cge.edu.vn/chu-han/214-bo-thu-tieng-trung.html,reference_checked
radical_073,73,曰,yuē,Viết,nói rằng,4,,4_net,CGE 214 bộ thủ tiếng Trung,https://cge.edu.vn/chu-han/214-bo-thu-tieng-trung.html,reference_checked
radical_074,74,月,yuè,Nguyệt,mặt trăng; tháng,4,,4_net,CGE 214 bộ thủ tiếng Trung,https://cge.edu.vn/chu-han/214-bo-thu-tieng-trung.html,reference_checked
radical_075,75,木,mù,Mộc,"cây, gỗ",4,,4_net,CGE 214 bộ thủ tiếng Trung,https://cge.edu.vn/chu-han/214-bo-thu-tieng-trung.html,reference_checked
radical_076,76,欠,qiàn,Khiếm,thiếu; ngáp,4,,4_net,CGE 214 bộ thủ tiếng Trung,https://cge.edu.vn/chu-han/214-bo-thu-tieng-trung.html,reference_checked
radical_077,77,止,zhǐ,Chỉ,dừng lại,4,,4_net,CGE 214 bộ thủ tiếng Trung,https://cge.edu.vn/chu-han/214-bo-thu-tieng-trung.html,reference_checked
radical_078,78,歹,dǎi,Đãi,"xấu, chết; xấu xa",4,,4_net,CGE 214 bộ thủ tiếng Trung,https://cge.edu.vn/chu-han/214-bo-thu-tieng-trung.html,reference_checked
radical_079,79,殳,shū,Thù,binh khí cán dài,4,,4_net,CGE 214 bộ thủ tiếng Trung,https://cge.edu.vn/chu-han/214-bo-thu-tieng-trung.html,reference_checked
radical_080,80,毋,wú,Vô,"chớ, đừng",4,,4_net,CGE 214 bộ thủ tiếng Trung,https://cge.edu.vn/chu-han/214-bo-thu-tieng-trung.html,reference_checked
radical_081,81,比,bǐ,Tỷ,so sánh,4,,4_net,CGE 214 bộ thủ tiếng Trung,https://cge.edu.vn/chu-han/214-bo-thu-tieng-trung.html,reference_checked
radical_082,82,毛,máo,Mao,lông,4,,4_net,CGE 214 bộ thủ tiếng Trung,https://cge.edu.vn/chu-han/214-bo-thu-tieng-trung.html,reference_checked
radical_083,83,氏,shì,Thị,họ; dòng họ,4,,4_net,CGE 214 bộ thủ tiếng Trung,https://cge.edu.vn/chu-han/214-bo-thu-tieng-trung.html,reference_checked
radical_084,84,气,qì,Khí,"hơi, khí",4,,4_net,CGE 214 bộ thủ tiếng Trung,https://cge.edu.vn/chu-han/214-bo-thu-tieng-trung.html,reference_checked
radical_085,85,水,shuǐ,Thủy,nước,4,氵,4_net,CGE 214 bộ thủ tiếng Trung,https://cge.edu.vn/chu-han/214-bo-thu-tieng-trung.html,reference_checked
radical_086,86,火,huǒ,Hỏa,lửa,4,灬,4_net,CGE 214 bộ thủ tiếng Trung,https://cge.edu.vn/chu-han/214-bo-thu-tieng-trung.html,reference_checked
radical_087,87,爪,zhǎo,Trảo,móng vuốt,4,爫,4_net,CGE 214 bộ thủ tiếng Trung,https://cge.edu.vn/chu-han/214-bo-thu-tieng-trung.html,reference_checked
radical_088,88,父,fù,Phụ,cha,4,,4_net,CGE 214 bộ thủ tiếng Trung,https://cge.edu.vn/chu-han/214-bo-thu-tieng-trung.html,reference_checked
radical_089,89,爻,yáo,Hào,"hào âm, hào dương",4,,4_net,CGE 214 bộ thủ tiếng Trung,https://cge.edu.vn/chu-han/214-bo-thu-tieng-trung.html,reference_checked
radical_090,90,爿,qiáng,Tường,mảnh gỗ; giường,4,丬,4_net,CGE 214 bộ thủ tiếng Trung,https://cge.edu.vn/chu-han/214-bo-thu-tieng-trung.html,reference_checked
radical_091,91,片,piàn,Phiến,"mảnh, tấm",4,,4_net,CGE 214 bộ thủ tiếng Trung,https://cge.edu.vn/chu-han/214-bo-thu-tieng-trung.html,reference_checked
radical_092,92,牙,yá,Nha,răng,4,,4_net,CGE 214 bộ thủ tiếng Trung,https://cge.edu.vn/chu-han/214-bo-thu-tieng-trung.html,reference_checked
radical_093,93,牛,niú,Ngưu,"trâu, bò",4,牜,4_net,CGE 214 bộ thủ tiếng Trung,https://cge.edu.vn/chu-han/214-bo-thu-tieng-trung.html,reference_checked
radical_094,94,犬,quǎn,Khuyển,chó,4,犭,4_net,CGE 214 bộ thủ tiếng Trung,https://cge.edu.vn/chu-han/214-bo-thu-tieng-trung.html,reference_checked
radical_095,95,玄,xuán,Huyền,đen huyền; huyền bí,5,,5_net,CGE 214 bộ thủ tiếng Trung,https://cge.edu.vn/chu-han/214-bo-thu-tieng-trung.html,reference_checked
radical_096,96,玉,yù,Ngọc,"ngọc, đá quý",5,王,5_net,CGE 214 bộ thủ tiếng Trung,https://cge.edu.vn/chu-han/214-bo-thu-tieng-trung.html,reference_checked
radical_097,97,瓜,guā,Qua,dưa,5,,5_net,CGE 214 bộ thủ tiếng Trung,https://cge.edu.vn/chu-han/214-bo-thu-tieng-trung.html,reference_checked
radical_098,98,瓦,wǎ,Ngõa,ngói,5,,5_net,CGE 214 bộ thủ tiếng Trung,https://cge.edu.vn/chu-han/214-bo-thu-tieng-trung.html,reference_checked
radical_099,99,甘,gān,Cam,ngọt,5,,5_net,CGE 214 bộ thủ tiếng Trung,https://cge.edu.vn/chu-han/214-bo-thu-tieng-trung.html,reference_checked
radical_100,100,生,shēng,Sinh,sinh ra; sinh trưởng,5,,5_net,CGE 214 bộ thủ tiếng Trung,https://cge.edu.vn/chu-han/214-bo-thu-tieng-trung.html,reference_checked
radical_101,101,用,yòng,Dụng,dùng,5,,5_net,CGE 214 bộ thủ tiếng Trung,https://cge.edu.vn/chu-han/214-bo-thu-tieng-trung.html,reference_checked
radical_102,102,田,tián,Điền,ruộng,5,,5_net,CGE 214 bộ thủ tiếng Trung,https://cge.edu.vn/chu-han/214-bo-thu-tieng-trung.html,reference_checked
radical_103,103,疋,pǐ,Thất,tấm vải; đơn vị đo,5,匹,5_net,CGE 214 bộ thủ tiếng Trung,https://cge.edu.vn/chu-han/214-bo-thu-tieng-trung.html,reference_checked
radical_104,104,疒,nè,Nạch,bệnh tật,5,,5_net,CGE 214 bộ thủ tiếng Trung,https://cge.edu.vn/chu-han/214-bo-thu-tieng-trung.html,reference_checked
radical_105,105,癶,bō,Bát,bước chân; hướng ngược,5,,5_net,CGE 214 bộ thủ tiếng Trung,https://cge.edu.vn/chu-han/214-bo-thu-tieng-trung.html,reference_checked
radical_106,106,白,bái,Bạch,trắng,5,,5_net,CGE 214 bộ thủ tiếng Trung,https://cge.edu.vn/chu-han/214-bo-thu-tieng-trung.html,reference_checked
radical_107,107,皮,pí,Bì,da,5,,5_net,CGE 214 bộ thủ tiếng Trung,https://cge.edu.vn/chu-han/214-bo-thu-tieng-trung.html,reference_checked
radical_108,108,皿,mǐn,Mãnh,"đĩa, đồ đựng",5,,5_net,CGE 214 bộ thủ tiếng Trung,https://cge.edu.vn/chu-han/214-bo-thu-tieng-trung.html,reference_checked
radical_109,109,目,mù,Mục,mắt,5,罒,5_net,CGE 214 bộ thủ tiếng Trung,https://cge.edu.vn/chu-han/214-bo-thu-tieng-trung.html,reference_checked
radical_110,110,矛,máo,Mâu,giáo,5,,5_net,CGE 214 bộ thủ tiếng Trung,https://cge.edu.vn/chu-han/214-bo-thu-tieng-trung.html,reference_checked
radical_111,111,矢,shǐ,Thỉ,mũi tên,5,,5_net,CGE 214 bộ thủ tiếng Trung,https://cge.edu.vn/chu-han/214-bo-thu-tieng-trung.html,reference_checked
radical_112,112,石,shí,Thạch,đá,5,,5_net,CGE 214 bộ thủ tiếng Trung,https://cge.edu.vn/chu-han/214-bo-thu-tieng-trung.html,reference_checked
radical_113,113,示,shì,Thị,chỉ thị; thần linh,5,礻,5_net,CGE 214 bộ thủ tiếng Trung,https://cge.edu.vn/chu-han/214-bo-thu-tieng-trung.html,reference_checked
radical_114,114,禸,róu,Nhựu,dấu chân,5,,5_net,CGE 214 bộ thủ tiếng Trung,https://cge.edu.vn/chu-han/214-bo-thu-tieng-trung.html,reference_checked
radical_115,115,禾,hé,Hòa,lúa,5,,5_net,CGE 214 bộ thủ tiếng Trung,https://cge.edu.vn/chu-han/214-bo-thu-tieng-trung.html,reference_checked
radical_116,116,穴,xué,Huyệt,"hang, lỗ",5,,5_net,CGE 214 bộ thủ tiếng Trung,https://cge.edu.vn/chu-han/214-bo-thu-tieng-trung.html,reference_checked
radical_117,117,立,lì,Lập,đứng; lập,5,,5_net,CGE 214 bộ thủ tiếng Trung,https://cge.edu.vn/chu-han/214-bo-thu-tieng-trung.html,reference_checked
radical_118,118,竹,zhú,Trúc,tre,6,,6_net,CGE 214 bộ thủ tiếng Trung,https://cge.edu.vn/chu-han/214-bo-thu-tieng-trung.html,reference_checked
radical_119,119,米,mǐ,Mễ,gạo,6,,6_net,CGE 214 bộ thủ tiếng Trung,https://cge.edu.vn/chu-han/214-bo-thu-tieng-trung.html,reference_checked
radical_120,120,糸,sī,Mịch,"tơ, sợi",6,糹; 纟,6_net,CGE 214 bộ thủ tiếng Trung,https://cge.edu.vn/chu-han/214-bo-thu-tieng-trung.html,reference_checked
radical_121,121,缶,fǒu,Phẫu,"đồ sành, chum vại",6,,6_net,CGE 214 bộ thủ tiếng Trung,https://cge.edu.vn/chu-han/214-bo-thu-tieng-trung.html,reference_checked
radical_122,122,网,wǎng,Võng,lưới,6,罒; 罓,6_net,CGE 214 bộ thủ tiếng Trung,https://cge.edu.vn/chu-han/214-bo-thu-tieng-trung.html,reference_checked
radical_123,123,羊,yáng,Dương,"dê, cừu",6,,6_net,CGE 214 bộ thủ tiếng Trung,https://cge.edu.vn/chu-han/214-bo-thu-tieng-trung.html,reference_checked
radical_124,124,羽,yǔ,Vũ,lông vũ,6,,6_net,CGE 214 bộ thủ tiếng Trung,https://cge.edu.vn/chu-han/214-bo-thu-tieng-trung.html,reference_checked
radical_125,125,老,lǎo,Lão,già,6,,6_net,CGE 214 bộ thủ tiếng Trung,https://cge.edu.vn/chu-han/214-bo-thu-tieng-trung.html,reference_checked
radical_126,126,而,ér,Nhi,"mà, và; râu",6,,6_net,CGE 214 bộ thủ tiếng Trung,https://cge.edu.vn/chu-han/214-bo-thu-tieng-trung.html,reference_checked
radical_127,127,耒,lěi,Lỗi,cái cày,6,,6_net,CGE 214 bộ thủ tiếng Trung,https://cge.edu.vn/chu-han/214-bo-thu-tieng-trung.html,reference_checked
radical_128,128,耳,ěr,Nhĩ,tai,6,,6_net,CGE 214 bộ thủ tiếng Trung,https://cge.edu.vn/chu-han/214-bo-thu-tieng-trung.html,reference_checked
radical_129,129,聿,yù,Duật,bút,6,,6_net,CGE 214 bộ thủ tiếng Trung,https://cge.edu.vn/chu-han/214-bo-thu-tieng-trung.html,reference_checked
radical_130,130,肉,ròu,Nhục,thịt,6,月,6_net,CGE 214 bộ thủ tiếng Trung,https://cge.edu.vn/chu-han/214-bo-thu-tieng-trung.html,reference_checked
radical_131,131,臣,chén,Thần,bề tôi,6,,6_net,CGE 214 bộ thủ tiếng Trung,https://cge.edu.vn/chu-han/214-bo-thu-tieng-trung.html,reference_checked
radical_132,132,自,zì,Tự,tự mình; từ,6,,6_net,CGE 214 bộ thủ tiếng Trung,https://cge.edu.vn/chu-han/214-bo-thu-tieng-trung.html,reference_checked
radical_133,133,至,zhì,Chí,đến,6,,6_net,CGE 214 bộ thủ tiếng Trung,https://cge.edu.vn/chu-han/214-bo-thu-tieng-trung.html,reference_checked
radical_134,134,臼,jiù,Cữu,cối giã,6,,6_net,CGE 214 bộ thủ tiếng Trung,https://cge.edu.vn/chu-han/214-bo-thu-tieng-trung.html,reference_checked
radical_135,135,舌,shé,Thiệt,lưỡi,6,,6_net,CGE 214 bộ thủ tiếng Trung,https://cge.edu.vn/chu-han/214-bo-thu-tieng-trung.html,reference_checked
radical_136,136,舛,chuǎn,Suyễn,"sai khác, trái ngược",6,,6_net,CGE 214 bộ thủ tiếng Trung,https://cge.edu.vn/chu-han/214-bo-thu-tieng-trung.html,reference_checked
radical_137,137,舟,zhōu,Chu,thuyền,6,,6_net,CGE 214 bộ thủ tiếng Trung,https://cge.edu.vn/chu-han/214-bo-thu-tieng-trung.html,reference_checked
radical_138,138,艮,gèn,Cấn,quẻ Cấn; dừng,6,,6_net,CGE 214 bộ thủ tiếng Trung,https://cge.edu.vn/chu-han/214-bo-thu-tieng-trung.html,reference_checked
radical_139,139,色,sè,Sắc,màu sắc; vẻ,6,,6_net,CGE 214 bộ thủ tiếng Trung,https://cge.edu.vn/chu-han/214-bo-thu-tieng-trung.html,reference_checked
radical_140,140,艸,cǎo,Thảo,cỏ,6,艹,6_net,CGE 214 bộ thủ tiếng Trung,https://cge.edu.vn/chu-han/214-bo-thu-tieng-trung.html,reference_checked
radical_141,141,虍,hū,Hổ,vằn hổ,6,,6_net,CGE 214 bộ thủ tiếng Trung,https://cge.edu.vn/chu-han/214-bo-thu-tieng-trung.html,reference_checked
radical_142,142,虫,chóng,Trùng,sâu bọ,6,,6_net,CGE 214 bộ thủ tiếng Trung,https://cge.edu.vn/chu-han/214-bo-thu-tieng-trung.html,reference_checked
radical_143,143,血,xuè,Huyết,máu,6,,6_net,CGE 214 bộ thủ tiếng Trung,https://cge.edu.vn/chu-han/214-bo-thu-tieng-trung.html,reference_checked
radical_144,144,行,xíng,Hành,đi; làm,6,,6_net,CGE 214 bộ thủ tiếng Trung,https://cge.edu.vn/chu-han/214-bo-thu-tieng-trung.html,reference_checked
radical_145,145,衣,yī,Y,áo,6,衤,6_net,CGE 214 bộ thủ tiếng Trung,https://cge.edu.vn/chu-han/214-bo-thu-tieng-trung.html,reference_checked
radical_146,146,襾,yà,Á,che phủ,6,覀,6_net,CGE 214 bộ thủ tiếng Trung,https://cge.edu.vn/chu-han/214-bo-thu-tieng-trung.html,reference_checked
radical_147,147,見,jiàn,Kiến,"thấy, nhìn",7,见,7_net,CGE 214 bộ thủ tiếng Trung,https://cge.edu.vn/chu-han/214-bo-thu-tieng-trung.html,reference_checked
radical_148,148,角,jiǎo,Giác,góc; sừng,7,,7_net,CGE 214 bộ thủ tiếng Trung,https://cge.edu.vn/chu-han/214-bo-thu-tieng-trung.html,reference_checked
radical_149,149,言,yán,Ngôn,lời nói,7,讠,7_net,CGE 214 bộ thủ tiếng Trung,https://cge.edu.vn/chu-han/214-bo-thu-tieng-trung.html,reference_checked
radical_150,150,谷,gǔ,Cốc,thung lũng,7,,7_net,CGE 214 bộ thủ tiếng Trung,https://cge.edu.vn/chu-han/214-bo-thu-tieng-trung.html,reference_checked
radical_151,151,豆,dòu,Đậu,đậu,7,,7_net,CGE 214 bộ thủ tiếng Trung,https://cge.edu.vn/chu-han/214-bo-thu-tieng-trung.html,reference_checked
radical_152,152,豕,shǐ,Thỉ,"lợn, heo",7,,7_net,CGE 214 bộ thủ tiếng Trung,https://cge.edu.vn/chu-han/214-bo-thu-tieng-trung.html,reference_checked
radical_153,153,豸,zhì,Trãi,loài thú không chân; sâu,7,,7_net,CGE 214 bộ thủ tiếng Trung,https://cge.edu.vn/chu-han/214-bo-thu-tieng-trung.html,reference_checked
radical_154,154,貝,bèi,Bối,vỏ sò; tiền của,7,贝,7_net,CGE 214 bộ thủ tiếng Trung,https://cge.edu.vn/chu-han/214-bo-thu-tieng-trung.html,reference_checked
radical_155,155,赤,chì,Xích,đỏ,7,,7_net,CGE 214 bộ thủ tiếng Trung,https://cge.edu.vn/chu-han/214-bo-thu-tieng-trung.html,reference_checked
radical_156,156,走,zǒu,Tẩu,"đi, chạy",7,,7_net,CGE 214 bộ thủ tiếng Trung,https://cge.edu.vn/chu-han/214-bo-thu-tieng-trung.html,reference_checked
radical_157,157,足,zú,Túc,chân,7,,7_net,CGE 214 bộ thủ tiếng Trung,https://cge.edu.vn/chu-han/214-bo-thu-tieng-trung.html,reference_checked
radical_158,158,身,shēn,Thân,thân thể,7,,7_net,CGE 214 bộ thủ tiếng Trung,https://cge.edu.vn/chu-han/214-bo-thu-tieng-trung.html,reference_checked
radical_159,159,車,chē,Xa,xe,7,车,7_net,CGE 214 bộ thủ tiếng Trung,https://cge.edu.vn/chu-han/214-bo-thu-tieng-trung.html,reference_checked
radical_160,160,辛,xīn,Tân,cay; đắng,7,,7_net,CGE 214 bộ thủ tiếng Trung,https://cge.edu.vn/chu-han/214-bo-thu-tieng-trung.html,reference_checked
radical_161,161,辰,chén,Thần,thìn; thời gian,7,,7_net,CGE 214 bộ thủ tiếng Trung,https://cge.edu.vn/chu-han/214-bo-thu-tieng-trung.html,reference_checked
radical_162,162,辵,chuò,Sước,"đi, bước đi",7,辶,7_net,CGE 214 bộ thủ tiếng Trung,https://cge.edu.vn/chu-han/214-bo-thu-tieng-trung.html,reference_checked
radical_163,163,邑,yì,Ấp,"thành, vùng đất",7,阝,7_net,CGE 214 bộ thủ tiếng Trung,https://cge.edu.vn/chu-han/214-bo-thu-tieng-trung.html,reference_checked
radical_164,164,酉,yǒu,Dậu,địa chi Dậu; rượu,7,,7_net,CGE 214 bộ thủ tiếng Trung,https://cge.edu.vn/chu-han/214-bo-thu-tieng-trung.html,reference_checked
radical_165,165,釆,biàn,Biện,phân biệt,7,,7_net,CGE 214 bộ thủ tiếng Trung,https://cge.edu.vn/chu-han/214-bo-thu-tieng-trung.html,reference_checked
radical_166,166,里,lǐ,Lý,làng; dặm,7,,7_net,CGE 214 bộ thủ tiếng Trung,https://cge.edu.vn/chu-han/214-bo-thu-tieng-trung.html,reference_checked
radical_167,167,金,jīn,Kim,kim loại; vàng,8,钅,8_net,CGE 214 bộ thủ tiếng Trung,https://cge.edu.vn/chu-han/214-bo-thu-tieng-trung.html,reference_checked
radical_168,168,長,cháng,Trường,dài; lâu,8,长,8_net,CGE 214 bộ thủ tiếng Trung,https://cge.edu.vn/chu-han/214-bo-thu-tieng-trung.html,reference_checked
radical_169,169,門,mén,Môn,cửa,8,门,8_net,CGE 214 bộ thủ tiếng Trung,https://cge.edu.vn/chu-han/214-bo-thu-tieng-trung.html,reference_checked
radical_170,170,阜,fù,Phụ,"gò đất, đồi",8,阝,8_net,CGE 214 bộ thủ tiếng Trung,https://cge.edu.vn/chu-han/214-bo-thu-tieng-trung.html,reference_checked
radical_171,171,隶,lì,Đãi,theo kịp; thuộc,8,,8_net,CGE 214 bộ thủ tiếng Trung,https://cge.edu.vn/chu-han/214-bo-thu-tieng-trung.html,reference_checked
radical_172,172,隹,zhuī,Chuy,chim đuôi ngắn,8,,8_net,CGE 214 bộ thủ tiếng Trung,https://cge.edu.vn/chu-han/214-bo-thu-tieng-trung.html,reference_checked
radical_173,173,雨,yǔ,Vũ,mưa,8,,8_net,CGE 214 bộ thủ tiếng Trung,https://cge.edu.vn/chu-han/214-bo-thu-tieng-trung.html,reference_checked
radical_174,174,青,qīng,Thanh,xanh; xanh lục,8,靑,8_net,CGE 214 bộ thủ tiếng Trung,https://cge.edu.vn/chu-han/214-bo-thu-tieng-trung.html,reference_checked
radical_175,175,非,fēi,Phi,"sai, không",8,,8_net,CGE 214 bộ thủ tiếng Trung,https://cge.edu.vn/chu-han/214-bo-thu-tieng-trung.html,reference_checked
radical_176,176,面,miàn,Diện,mặt; bề mặt,9,,9_net,CGE 214 bộ thủ tiếng Trung,https://cge.edu.vn/chu-han/214-bo-thu-tieng-trung.html,reference_checked
radical_177,177,革,gé,Cách,da thuộc; thay đổi,9,,9_net,CGE 214 bộ thủ tiếng Trung,https://cge.edu.vn/chu-han/214-bo-thu-tieng-trung.html,reference_checked
radical_178,178,韋,wéi,Vi,da thuộc,9,韦,9_net,CGE 214 bộ thủ tiếng Trung,https://cge.edu.vn/chu-han/214-bo-thu-tieng-trung.html,reference_checked
radical_179,179,韭,jiǔ,Cửu,hẹ,9,,9_net,CGE 214 bộ thủ tiếng Trung,https://cge.edu.vn/chu-han/214-bo-thu-tieng-trung.html,reference_checked
radical_180,180,音,yīn,Âm,âm thanh,9,,9_net,CGE 214 bộ thủ tiếng Trung,https://cge.edu.vn/chu-han/214-bo-thu-tieng-trung.html,reference_checked
radical_181,181,頁,yè,Hiệt,đầu; trang,9,页,9_net,CGE 214 bộ thủ tiếng Trung,https://cge.edu.vn/chu-han/214-bo-thu-tieng-trung.html,reference_checked
radical_182,182,風,fēng,Phong,gió,9,风,9_net,CGE 214 bộ thủ tiếng Trung,https://cge.edu.vn/chu-han/214-bo-thu-tieng-trung.html,reference_checked
radical_183,183,飛,fēi,Phi,bay,9,飞,9_net,CGE 214 bộ thủ tiếng Trung,https://cge.edu.vn/chu-han/214-bo-thu-tieng-trung.html,reference_checked
radical_184,184,食,shí,Thực,ăn; thức ăn,9,飠; 饣,9_net,CGE 214 bộ thủ tiếng Trung,https://cge.edu.vn/chu-han/214-bo-thu-tieng-trung.html,reference_checked
radical_185,185,首,shǒu,Thủ,đầu,9,,9_net,CGE 214 bộ thủ tiếng Trung,https://cge.edu.vn/chu-han/214-bo-thu-tieng-trung.html,reference_checked
radical_186,186,香,xiāng,Hương,mùi thơm,9,,9_net,CGE 214 bộ thủ tiếng Trung,https://cge.edu.vn/chu-han/214-bo-thu-tieng-trung.html,reference_checked
radical_187,187,馬,mǎ,Mã,ngựa,10,马,10_net,CGE 214 bộ thủ tiếng Trung,https://cge.edu.vn/chu-han/214-bo-thu-tieng-trung.html,reference_checked
radical_188,188,骨,gǔ,Cốt,xương,10,,10_net,CGE 214 bộ thủ tiếng Trung,https://cge.edu.vn/chu-han/214-bo-thu-tieng-trung.html,reference_checked
radical_189,189,高,gāo,Cao,cao,10,,10_net,CGE 214 bộ thủ tiếng Trung,https://cge.edu.vn/chu-han/214-bo-thu-tieng-trung.html,reference_checked
radical_190,190,髟,biāo,Bưu,tóc dài,10,,10_net,CGE 214 bộ thủ tiếng Trung,https://cge.edu.vn/chu-han/214-bo-thu-tieng-trung.html,reference_checked
radical_191,191,鬥,dòu,Đấu,đánh nhau,10,斗,10_net,CGE 214 bộ thủ tiếng Trung,https://cge.edu.vn/chu-han/214-bo-thu-tieng-trung.html,reference_checked
radical_192,192,鬯,chàng,Sưởng,rượu nếp thơm,10,,10_net,CGE 214 bộ thủ tiếng Trung,https://cge.edu.vn/chu-han/214-bo-thu-tieng-trung.html,reference_checked
radical_193,193,鬲,gé,Cách,"nồi, chõ",10,,10_net,CGE 214 bộ thủ tiếng Trung,https://cge.edu.vn/chu-han/214-bo-thu-tieng-trung.html,reference_checked
radical_194,194,鬼,guǐ,Quỷ,quỷ,10,,10_net,CGE 214 bộ thủ tiếng Trung,https://cge.edu.vn/chu-han/214-bo-thu-tieng-trung.html,reference_checked
radical_195,195,魚,yú,Ngư,cá,11,鱼,11_net,CGE 214 bộ thủ tiếng Trung,https://cge.edu.vn/chu-han/214-bo-thu-tieng-trung.html,reference_checked
radical_196,196,鳥,niǎo,Điểu,chim,11,鸟,11_net,CGE 214 bộ thủ tiếng Trung,https://cge.edu.vn/chu-han/214-bo-thu-tieng-trung.html,reference_checked
radical_197,197,鹵,lǔ,Lỗ,đất mặn,11,,11_net,CGE 214 bộ thủ tiếng Trung,https://cge.edu.vn/chu-han/214-bo-thu-tieng-trung.html,reference_checked
radical_198,198,鹿,lù,Lộc,hươu,11,,11_net,CGE 214 bộ thủ tiếng Trung,https://cge.edu.vn/chu-han/214-bo-thu-tieng-trung.html,reference_checked
radical_199,199,麥,mài,Mạch,lúa mạch,11,麦,11_net,CGE 214 bộ thủ tiếng Trung,https://cge.edu.vn/chu-han/214-bo-thu-tieng-trung.html,reference_checked
radical_200,200,麻,má,Ma,cây gai,11,,11_net,CGE 214 bộ thủ tiếng Trung,https://cge.edu.vn/chu-han/214-bo-thu-tieng-trung.html,reference_checked
radical_201,201,黃,huáng,Hoàng,vàng,12,,12_net,CGE 214 bộ thủ tiếng Trung,https://cge.edu.vn/chu-han/214-bo-thu-tieng-trung.html,reference_checked
radical_202,202,黍,shǔ,Thử,"kê, lúa nếp",12,,12_net,CGE 214 bộ thủ tiếng Trung,https://cge.edu.vn/chu-han/214-bo-thu-tieng-trung.html,reference_checked
radical_203,203,黑,hēi,Hắc,đen,12,,12_net,CGE 214 bộ thủ tiếng Trung,https://cge.edu.vn/chu-han/214-bo-thu-tieng-trung.html,reference_checked
radical_204,204,黹,zhǐ,Chỉ,"may, thêu",12,,12_net,CGE 214 bộ thủ tiếng Trung,https://cge.edu.vn/chu-han/214-bo-thu-tieng-trung.html,reference_checked
radical_205,205,黽,mǐn,Mãnh,ếch; loài bò sát,13,,13_net,CGE 214 bộ thủ tiếng Trung,https://cge.edu.vn/chu-han/214-bo-thu-tieng-trung.html,reference_checked
radical_206,206,鼎,dǐng,Đỉnh,"đỉnh, vạc ba chân",13,,13_net,CGE 214 bộ thủ tiếng Trung,https://cge.edu.vn/chu-han/214-bo-thu-tieng-trung.html,reference_checked
radical_207,207,鼓,gǔ,Cổ,trống,13,,13_net,CGE 214 bộ thủ tiếng Trung,https://cge.edu.vn/chu-han/214-bo-thu-tieng-trung.html,reference_checked
radical_208,208,鼠,shǔ,Thử,chuột,13,,13_net,CGE 214 bộ thủ tiếng Trung,https://cge.edu.vn/chu-han/214-bo-thu-tieng-trung.html,reference_checked
radical_209,209,鼻,bí,Tỵ,mũi,14,,14_net,CGE 214 bộ thủ tiếng Trung,https://cge.edu.vn/chu-han/214-bo-thu-tieng-trung.html,reference_checked
radical_210,210,齊,qí,Tề,"ngang bằng, đều",14,齐,14_net,CGE 214 bộ thủ tiếng Trung,https://cge.edu.vn/chu-han/214-bo-thu-tieng-trung.html,reference_checked
radical_211,211,齒,chǐ,Xỉ,răng,15,齿,15_net,CGE 214 bộ thủ tiếng Trung,https://cge.edu.vn/chu-han/214-bo-thu-tieng-trung.html,reference_checked
radical_212,212,龍,lóng,Long,rồng,16,龙,16_net,CGE 214 bộ thủ tiếng Trung,https://cge.edu.vn/chu-han/214-bo-thu-tieng-trung.html,reference_checked
radical_213,213,龜,guī,Quy,rùa,16,龟,16_net,CGE 214 bộ thủ tiếng Trung,https://cge.edu.vn/chu-han/214-bo-thu-tieng-trung.html,reference_checked
radical_214,214,龠,yuè,Dược,sáo ba lỗ,17,,17_net,CGE 214 bộ thủ tiếng Trung,https://cge.edu.vn/chu-han/214-bo-thu-tieng-trung.html,reference_checked
